id,Name,Alter,Geschlecht,Altersgruppe
4,Dallis Dunridge,54,Männlich,45 - 54
5,Van Bonnefin,47,Männlich,45 - 54
8,Harriet Ditty,50,Weiblich,45 - 54
9,Marcile Jealous,49,Weiblich,45 - 54
10,Ezequiel Dinnis,53,Männlich,45 - 54
12,Caldwell Dorkens,46,Männlich,45 - 54
14,Katha Sherebrook,46,Weiblich,45 - 54
15,Guenevere Handman,54,Weiblich,45 - 54
16,Dareen Downie,51,Weiblich,45 - 54
18,Mada Dhillon,51,Weiblich,45 - 54
19,Trix Montfort,51,Weiblich,45 - 54
20,Alphonse Noraway,47,Männlich,45 - 54
25,Poul Highnam,51,Männlich,45 - 54
27,Bing Cowern,49,Männlich,45 - 54
29,Langsdon Bannester,53,Männlich,45 - 54
30,Hadleigh Peasgood,54,Männlich,45 - 54
31,Ellie Ganny,48,Weiblich,45 - 54
34,Melisenda Amery,54,Weiblich,45 - 54
35,Gran Etchells,50,Männlich,45 - 54
36,Winne Ostick,47,Weiblich,45 - 54
45,Kerri Flicker,50,Weiblich,45 - 54
46,Donni Rosengart,52,Weiblich,45 - 54
47,Win Renne,48,Männlich,45 - 54
48,Orville Ciccarello,48,Männlich,45 - 54
57,Darrick Purry,51,Männlich,45 - 54
63,Loise Giacovetti,48,Weiblich,45 - 54
65,Olive Toovey,50,Weiblich,45 - 54
66,Teodoro Pescott,53,Männlich,45 - 54
68,Rabbi Arney,50,Männlich,45 - 54
69,Garry MacDearmaid,53,Männlich,45 - 54
70,Duffy Elleton,49,Männlich,45 - 54
74,Base Dracksford,49,Männlich,45 - 54
76,Noell Rusbridge,46,Weiblich,45 - 54
77,Moore Tyce,48,Männlich,45 - 54
78,Eloise Leal,46,Weiblich,45 - 54
81,Aindrea Koschke,48,Weiblich,45 - 54
82,Izak Fibbens,49,Männlich,45 - 54
86,Isabel Veale,49,Weiblich,45 - 54
88,Ashly Bagby,46,Weiblich,45 - 54
90,Micky Gillott,50,Weiblich,45 - 54
92,Cati Spurgin,49,Weiblich,45 - 54
93,Eada Alennikov,51,Weiblich,45 - 54
101,Linnea Bramble,52,Weiblich,45 - 54
102,Gabbie Onn,51,Weiblich,45 - 54
106,Ana Rolinson,51,Weiblich,45 - 54
119,Payton MacParlan,48,Männlich,45 - 54
121,Yoshiko Junkin,53,Weiblich,45 - 54
123,Evangelia Hatton,52,Weiblich,45 - 54
126,Dougie McGarvey,51,Männlich,45 - 54
128,Yehudit Spiller,47,Männlich,45 - 54
131,Liane Bell,51,Weiblich,45 - 54
132,Lennie Djurdjevic,49,Männlich,45 - 54
135,Zebulon Beacon,54,Männlich,45 - 54
139,Hagen Kibel,45,Männlich,45 - 54
141,Rois Gricewood,45,Weiblich,45 - 54
144,Freddi Hume,45,Weiblich,45 - 54
145,Corly Kelinge,52,Weiblich,45 - 54
146,Karoly McGrale,46,Männlich,45 - 54
147,Udall Frankes,46,Männlich,45 - 54
152,Kelsy McMechan,49,Weiblich,45 - 54
155,Terencio Aldin,54,Männlich,45 - 54
163,Tonnie Glaysher,45,Männlich,45 - 54
164,Jared Gush,53,Männlich,45 - 54
171,Abelard Flattman,50,Männlich,45 - 54
173,Guillema Hofer,52,Weiblich,45 - 54
174,Hollie Benditt,46,Weiblich,45 - 54
178,Imojean Chippendale,47,Weiblich,45 - 54
180,Portia Checchi,51,Weiblich,45 - 54
185,Alfred Adrien,49,Männlich,45 - 54
187,Conny Hellmer,46,Männlich,45 - 54
189,Arden Durnan,52,Weiblich,45 - 54
190,Kalinda Dobbings,50,Weiblich,45 - 54
191,Leticia Templeton,48,Weiblich,45 - 54
192,Alphonse McWhan,50,Männlich,45 - 54
195,Brew Kilborn,48,Männlich,45 - 54
196,Lacy Avramow,53,Weiblich,45 - 54
207,Liv Giraudou,46,Weiblich,45 - 54
215,Aurthur McCullagh,46,Männlich,45 - 54
220,Ellene Spybey,53,Weiblich,45 - 54
221,Christian Hulbert,45,Männlich,45 - 54
227,Currey Carnachen,45,Männlich,45 - 54
231,Bernadene Sibary,52,Weiblich,45 - 54
233,Ansell Gianolo,47,Männlich,45 - 54
235,Ettie Mc Pake,45,Weiblich,45 - 54
242,Giustino Pawelski,48,Männlich,45 - 54
243,Sayers Beauchop,50,Männlich,45 - 54
244,Roarke Monier,50,Männlich,45 - 54
245,Ted Houliston,52,Weiblich,45 - 54
252,Staford Mateja,46,Männlich,45 - 54
253,Lewes Camamile,51,Männlich,45 - 54
258,Elwood Gilyatt,49,Männlich,45 - 54
260,Natty Brooker,53,Männlich,45 - 54
263,Corey Clitherow,53,Männlich,45 - 54
264,Salaidh Engley,48,Weiblich,45 - 54
265,Gerek Hearmon,51,Männlich,45 - 54
266,Ber Sanderson,54,Männlich,45 - 54
269,Rheta Nunes Nabarro,49,Weiblich,45 - 54
272,Kasey O'Giany,49,Weiblich,45 - 54
275,Benedetta Paolini,49,Weiblich,45 - 54
277,Aggie Somerset,49,Weiblich,45 - 54
283,Bronson Stoney,46,Männlich,45 - 54
285,Roger Kneath,48,Männlich,45 - 54
289,Herman Glashby,52,Männlich,45 - 54
293,Ninnette Goford,48,Weiblich,45 - 54
295,Ophelia Lillecrap,47,Weiblich,45 - 54
296,Terrel Brenard,50,Männlich,45 - 54
298,Taite Huxtable,52,Männlich,45 - 54
299,Marie-jeanne Runnicles,47,Weiblich,45 - 54
300,Harmonie McGlynn,51,Weiblich,45 - 54
301,Camella Schankelborg,52,Weiblich,45 - 54
305,Fabiano Gammack,46,Männlich,45 - 54
307,Duke Capewell,49,Männlich,45 - 54
308,Clay Dorman,47,Männlich,45 - 54
313,Tadd Lindborg,54,Männlich,45 - 54
314,Gerty Storek,47,Weiblich,45 - 54
315,Bartholomew Buzza,51,Männlich,45 - 54
318,Luigi Tortis,47,Männlich,45 - 54
322,Jamesy Jurges,50,Männlich,45 - 54
323,Pattie Raiman,49,Weiblich,45 - 54
324,Abraham Edbrooke,48,Männlich,45 - 54
326,Caron Rycroft,46,Weiblich,45 - 54
328,Lon Edmead,54,Männlich,45 - 54
330,Alfredo de Wilde,46,Männlich,45 - 54
331,Maxie Silverston,52,Männlich,45 - 54
339,Debbie Ivell,45,Weiblich,45 - 54
342,Joella MacAscaidh,52,Weiblich,45 - 54
343,Rosanna Jovasevic,48,Weiblich,45 - 54
345,Hansiain Garard,47,Männlich,45 - 54
348,Salim Moralis,49,Männlich,45 - 54
351,Charlene Mutton,52,Weiblich,45 - 54
359,Inglis Croxall,48,Männlich,45 - 54
363,Ive Lakes,52,Männlich,45 - 54
364,Aubree Englishby,50,Weiblich,45 - 54
371,Martica Ellsworthe,52,Weiblich,45 - 54
372,Pollyanna Maneylaws,49,Weiblich,45 - 54
373,Carter Remer,50,Männlich,45 - 54
375,Yorgo Eastcourt,50,Männlich,45 - 54
379,Gussi Penwarden,45,Weiblich,45 - 54
383,Adey Haruard,54,Weiblich,45 - 54
385,Alister Hastewell,54,Männlich,45 - 54
387,Pascal Wims,47,Männlich,45 - 54
390,Zandra Felton,46,Weiblich,45 - 54
393,Rosalie Orcas,46,Weiblich,45 - 54
394,Jenilee Gillespey,53,Weiblich,45 - 54
399,Rebekkah McEnteggart,49,Weiblich,45 - 54
400,Wiatt Jermyn,51,Männlich,45 - 54
402,Petey Avraam,51,Männlich,45 - 54
404,Gay Duggen,48,Männlich,45 - 54
405,Arnold Brotheridge,50,Männlich,45 - 54
407,Nathalie Finby,49,Weiblich,45 - 54
410,Shelbi Birtwisle,48,Weiblich,45 - 54
412,Bryant Brussell,48,Männlich,45 - 54
416,Christie Peres,48,Männlich,45 - 54
420,Decca Phetteplace,52,Männlich,45 - 54
424,Felizio Udie,50,Männlich,45 - 54
426,Dav Petters,53,Männlich,45 - 54
427,Clywd Surcomb,46,Männlich,45 - 54
428,Inglebert Cancott,49,Männlich,45 - 54
436,Rob Coopey,51,Männlich,45 - 54
437,Zorana Fatscher,49,Weiblich,45 - 54
442,Ignacio Huntress,49,Männlich,45 - 54
446,Shalne McCawley,47,Weiblich,45 - 54
448,Ortensia Treadway,54,Weiblich,45 - 54
449,Maurita Stooders,46,Weiblich,45 - 54
459,Sander Filmer,45,Männlich,45 - 54
460,Emmaline Paulou,47,Weiblich,45 - 54
462,Becca Keatch,47,Weiblich,45 - 54
466,Vinny Greasty,50,Weiblich,45 - 54
470,Gunter Parysiak,47,Männlich,45 - 54
471,Halimeda Axup,54,Weiblich,45 - 54
472,Ring Ouldcott,54,Männlich,45 - 54
475,Willey Yanele,50,Männlich,45 - 54
476,Harlan Holligan,50,Männlich,45 - 54
480,Erik Trumper,48,Männlich,45 - 54
481,Petronilla Pickworth,50,Weiblich,45 - 54
484,Jacques Pockey,49,Männlich,45 - 54
486,Cariotta Shallcross,49,Weiblich,45 - 54
488,Amitie Limbrick,45,Weiblich,45 - 54
491,Nico Arthan,49,Männlich,45 - 54
492,Ronnica Robertet,48,Weiblich,45 - 54
493,Gusta Haldene,47,Weiblich,45 - 54
496,Eleni Cholomin,52,Weiblich,45 - 54
497,Wenda McGinnell,46,Weiblich,45 - 54
498,Leicester Marchelli,49,Männlich,45 - 54
500,Darren Rumble,54,Männlich,45 - 54
2,Elga Di Carlo,44,Weiblich,35 - 44
11,Mamie Rosenbarg,44,Weiblich,35 - 44
17,Siana Scipsey,35,Weiblich,35 - 44
22,Ermina Blamphin,35,Weiblich,35 - 44
33,Arlie Bowell,41,Weiblich,35 - 44
37,Gussi Gilling,43,Weiblich,35 - 44
38,Malinda Buckel,39,Weiblich,35 - 44
39,Marc Burnie,35,Männlich,35 - 44
41,Harwilll Bryett,42,Männlich,35 - 44
42,Derek Songer,42,Männlich,35 - 44
49,Lazaro Batterham,42,Männlich,35 - 44
53,Chloe Timny,39,Weiblich,35 - 44
59,Mitzi Hawksby,44,Weiblich,35 - 44
61,Erina Fearnill,35,Weiblich,35 - 44
64,Jarrad Dorrance,37,Männlich,35 - 44
71,Rusty Hopewell,44,Männlich,35 - 44
91,Loren Bleakman,42,Weiblich,35 - 44
94,Dalli Ragate,36,Männlich,35 - 44
97,Wylie Lasselle,36,Männlich,35 - 44
98,Karney Morris,40,Männlich,35 - 44
99,Maisey Giannazzo,38,Weiblich,35 - 44
103,Tab Loveland,44,Männlich,35 - 44
108,Cornelius Jorin,35,Männlich,35 - 44
109,Glenine Gorey,36,Weiblich,35 - 44
110,Stafani Spraging,44,Weiblich,35 - 44
111,Paquito Yeld,35,Männlich,35 - 44
113,Troy Dani,41,Männlich,35 - 44
115,Giana Willows,38,Weiblich,35 - 44
117,Cecile McCarthy,43,Weiblich,35 - 44
120,Onofredo Cabble,44,Männlich,35 - 44
122,Rosemaria Moreno,37,Weiblich,35 - 44
124,Tandi MacKim,40,Weiblich,35 - 44
127,Cary Droogan,43,Männlich,35 - 44
134,Alexandre Caddan,43,Männlich,35 - 44
136,Clari O'Lennachain,44,Weiblich,35 - 44
138,Preston Champagne,44,Männlich,35 - 44
140,Danielle Howick,37,Weiblich,35 - 44
142,Emmett Jarmaine,38,Männlich,35 - 44
148,Eileen Delafoy,44,Weiblich,35 - 44
149,Wesley Cunningham,44,Männlich,35 - 44
150,Alix Schade,40,Männlich,35 - 44
151,Shina Cornels,38,Weiblich,35 - 44
153,Erasmus Woloschin,43,Männlich,35 - 44
156,Valenka Leppo,43,Weiblich,35 - 44
157,Ennis Heinonen,43,Männlich,35 - 44
159,Trixy January 1st,44,Weiblich,35 - 44
160,Edgardo Croser,42,Männlich,35 - 44
161,Irvin Kornilov,40,Männlich,35 - 44
162,Rosene Hutchcraft,39,Weiblich,35 - 44
166,Gardiner Thornborrow,42,Männlich,35 - 44
170,Amaleta Dhillon,39,Weiblich,35 - 44
176,Henrik Ettery,40,Männlich,35 - 44
177,Gil Goodhall,41,Männlich,35 - 44
181,Zuzana Shearsby,37,Weiblich,35 - 44
193,Napoleon Cockley,43,Männlich,35 - 44
197,Cary Stanyard,36,Männlich,35 - 44
200,Padget Daffern,42,Männlich,35 - 44
201,Neila Kerne,40,Weiblich,35 - 44
203,Vanni Varsey,37,Weiblich,35 - 44
204,Terrence Lindeboom,41,Männlich,35 - 44
205,Papageno Cove,40,Männlich,35 - 44
208,Edd Wetheril,43,Männlich,35 - 44
209,Olivero Hiskey,43,Männlich,35 - 44
213,Holly Parkman,41,Weiblich,35 - 44
214,Matias Tofts,38,Männlich,35 - 44
217,Carlen Spellward,43,Weiblich,35 - 44
222,Giacopo Sabberton,35,Männlich,35 - 44
224,Anatole Stratz,40,Männlich,35 - 44
225,Ariana Patchett,42,Weiblich,35 - 44
229,Kort Radish,41,Männlich,35 - 44
230,Edouard Phetteplace,35,Männlich,35 - 44
236,Rubin Scotsbrook,40,Männlich,35 - 44
237,Verene Losano,44,Weiblich,35 - 44
246,Megan Dunbavin,44,Weiblich,35 - 44
248,Vincent Pfertner,42,Männlich,35 - 44
249,Trumaine Mayell,39,Männlich,35 - 44
251,Marsh Tran,44,Männlich,35 - 44
254,Gamaliel Arpino,44,Männlich,35 - 44
255,Darrin Cleall,38,Männlich,35 - 44
256,Zsazsa Birdwhistle,43,Weiblich,35 - 44
261,Ashton Stilly,42,Männlich,35 - 44
267,Mellisa Baudains,40,Weiblich,35 - 44
271,Mair Ackred,40,Weiblich,35 - 44
273,Brooks Corton,35,Männlich,35 - 44
281,Clarance Tullis,41,Männlich,35 - 44
284,Teddie Jakoub,41,Weiblich,35 - 44
288,Freddie Vain,38,Männlich,35 - 44
290,Elvera Gino,41,Weiblich,35 - 44
292,Marcie Gherardelli,40,Weiblich,35 - 44
294,Joann Swinden,37,Weiblich,35 - 44
297,Perren Tunstall,39,Männlich,35 - 44
303,Jase Akeherst,39,Männlich,35 - 44
309,Alyce Gidman,42,Weiblich,35 - 44
310,Hersch Hunnybun,38,Männlich,35 - 44
311,Ilsa Doyle,36,Weiblich,35 - 44
316,Sven De Bischof,41,Männlich,35 - 44
325,Judy Heale,38,Weiblich,35 - 44
333,Ursala Caughtry,41,Weiblich,35 - 44
334,Zonnya Thorley,40,Weiblich,35 - 44
335,Stephannie Quadling,37,Weiblich,35 - 44
337,Chelsie Dundendale,35,Weiblich,35 - 44
338,Ingaborg Mignot,35,Weiblich,35 - 44
344,Patsy Chieze,43,Männlich,35 - 44
347,Rex Moehler,41,Männlich,35 - 44
350,Tiebout Annand,36,Männlich,35 - 44
353,Inna Boncoeur,38,Weiblich,35 - 44
355,Jacquie Coverlyn,40,Weiblich,35 - 44
357,Smitty Freire,37,Männlich,35 - 44
360,Finn Fearfull,40,Männlich,35 - 44
362,Bail Maskill,44,Männlich,35 - 44
365,Adelheid Riolfo,36,Weiblich,35 - 44
366,Henrietta Joynes,42,Weiblich,35 - 44
368,Cacilia Blew,37,Weiblich,35 - 44
369,Elihu Leftridge,42,Männlich,35 - 44
376,Winnah Keysall,37,Weiblich,35 - 44
377,Isabella Sizzey,38,Weiblich,35 - 44
380,Rosanne Bythell,38,Weiblich,35 - 44
381,Ram Vivien,44,Männlich,35 - 44
384,Chloris Giorgioni,44,Weiblich,35 - 44
386,Marlyn Martignon,39,Weiblich,35 - 44
389,Lorraine Rangle,39,Weiblich,35 - 44
392,Lyndsie Nimmo,37,Weiblich,35 - 44
395,Greer Fridaye,37,Weiblich,35 - 44
396,Clare Rickett,37,Männlich,35 - 44
397,Noland Aspinal,37,Männlich,35 - 44
401,Haskell Millwall,44,Männlich,35 - 44
406,Thatch Jeness,43,Männlich,35 - 44
409,Nanci Keynd,44,Weiblich,35 - 44
411,Maddy Sandels,39,Männlich,35 - 44
414,Valentin Biggen,42,Männlich,35 - 44
415,Lefty Shapiro,39,Männlich,35 - 44
418,Wyndham Rainsdon,42,Männlich,35 - 44
419,Annemarie Ravelus,40,Weiblich,35 - 44
422,Kettie Curedell,39,Weiblich,35 - 44
423,Manolo Eisig,40,Männlich,35 - 44
429,Paulina Spurrett,44,Weiblich,35 - 44
430,Dew Rain,35,Männlich,35 - 44
431,Ethelin Rabat,39,Weiblich,35 - 44
433,Engracia Van Halen,42,Weiblich,35 - 44
434,Gerrie Tracy,43,Männlich,35 - 44
435,Lloyd Meeking,39,Männlich,35 - 44
439,Dominique Bourges,37,Weiblich,35 - 44
441,Renell Dillinton,39,Weiblich,35 - 44
445,Trumann Mingay,36,Männlich,35 - 44
447,Jobi Hydes,42,Weiblich,35 - 44
454,Yulma Wrightson,37,Männlich,35 - 44
455,Idalina Cogdell,40,Weiblich,35 - 44
456,Margarita Viccars,40,Weiblich,35 - 44
457,Norrie Ambroziak,41,Männlich,35 - 44
463,Kath Keerl,40,Weiblich,35 - 44
464,Saunderson Walbrook,37,Männlich,35 - 44
467,Kiri Callow,44,Weiblich,35 - 44
469,Eran Troy,41,Weiblich,35 - 44
477,Vere Schimpke,40,Weiblich,35 - 44
479,Fleurette Carl,43,Weiblich,35 - 44
483,Rudie Petru,44,Männlich,35 - 44
485,Matelda McBrier,40,Weiblich,35 - 44
487,Marijo Kolczynski,43,Weiblich,35 - 44
489,Riley Ethridge,35,Männlich,35 - 44
494,Regan Fardell,44,Männlich,35 - 44
499,Balduin Dallosso,43,Männlich,35 - 44
1,Cleopatra Giovanitti,55,Weiblich,> 54
6,Lettie Otson,60,Weiblich,> 54
24,Clo Casin,57,Weiblich,> 54
26,Saundra Hutchin,56,Männlich,> 54
32,Margo Schrei,61,Weiblich,> 54
40,Selina Baythrop,55,Weiblich,> 54
43,Barny Daenen,61,Männlich,> 54
44,Carolus Velden,73,Männlich,> 54
50,Junina Durham,55,Weiblich,> 54
51,Doy Fishleigh,57,Männlich,> 54
52,Irita Cullinane,58,Weiblich,> 54
54,Ruggiero Hanbidge,56,Männlich,> 54
56,Arabella McMonies,57,Weiblich,> 54
58,Base Goulding,60,Männlich,> 54
62,Prissie Skottle,58,Weiblich,> 54
67,Aylmar Darwood,56,Männlich,> 54
73,Tomlin Jardine,56,Männlich,> 54
75,Brantley Eliez,72,Männlich,> 54
83,Stephana Boriston,57,Weiblich,> 54
85,Ignaz Bahia,55,Männlich,> 54
89,Kipper Gregoire,59,Männlich,> 54
104,Calida Caswell,61,Weiblich,> 54
105,Melony Dachey,61,Weiblich,> 54
114,Adolpho Killich,56,Männlich,> 54
133,Rana MacIlraith,71,Weiblich,> 54
137,Sammie Philips,69,Männlich,> 54
143,Arnold Palmer,55,Männlich,> 54
167,Felike Casetta,62,Männlich,> 54
169,Hannie Danilovich,59,Weiblich,> 54
172,Tybi MacGille,58,Weiblich,> 54
179,Rodie Petford,55,Weiblich,> 54
182,Kelley Albinson,60,Männlich,> 54
184,Berne Karsh,62,Männlich,> 54
188,Sallyanne Leefe,64,Weiblich,> 54
198,Agosto Brownsmith,59,Männlich,> 54
211,Corey Pettiford,55,Weiblich,> 54
212,Margarita Standbrooke,57,Weiblich,> 54
218,Kendell Radke,57,Männlich,> 54
219,Alvan Chadbourne,63,Männlich,> 54
223,Eudora Haldane,77,Weiblich,> 54
228,Sallyann McInulty,56,Weiblich,> 54
238,Hamil Bignall,66,Männlich,> 54
239,Buckie Sant,71,Männlich,> 54
240,Freddi Perillio,68,Weiblich,> 54
241,Jeanine Abbotson,57,Weiblich,> 54
250,Pietra Thornewill,62,Weiblich,> 54
257,Franklin Quick,55,Männlich,> 54
262,Carling Brandli,58,Männlich,> 54
270,Astrid Cagan,64,Weiblich,> 54
274,Ainsley Franceschino,63,Weiblich,> 54
280,Violette Rump,56,Weiblich,> 54
286,Courtenay Croce,68,Weiblich,> 54
287,Charo Chetwin,59,Weiblich,> 54
291,Lefty Dioniso,55,Männlich,> 54
302,Ancell Lineen,66,Männlich,> 54
304,Mendel Culter,58,Männlich,> 54
306,Margie Bridgett,66,Weiblich,> 54
317,Fairfax Broadley,69,Männlich,> 54
320,Keely Godain,56,Weiblich,> 54
327,Shoshana Bradfield,63,Weiblich,> 54
340,Silvia Pilkington,66,Weiblich,> 54
341,Gal Headley,55,Männlich,> 54
349,Melli Coysh,60,Weiblich,> 54
352,Conroy Batters,62,Männlich,> 54
356,Sullivan Kidner,60,Männlich,> 54
358,Cindi Walbridge,61,Weiblich,> 54
370,Eziechiele Barnish,55,Männlich,> 54
374,Teddie Shuttell,59,Weiblich,> 54
378,Loreen Worvell,69,Weiblich,> 54
391,Jacob Bogue,57,Männlich,> 54
403,Nickolai Caplen,57,Männlich,> 54
408,Dion Maruszewski,59,Weiblich,> 54
413,Nickie Aarons,60,Männlich,> 54
440,Griffin Kuhl,63,Männlich,> 54
444,Brenna Ambler,58,Weiblich,> 54
450,Morganne Diglin,82,Weiblich,> 54
451,Nickey Romney,64,Männlich,> 54
452,Marthe Klimp,58,Weiblich,> 54
473,Leroy Matanin,58,Männlich,> 54
474,Richart Rummins,55,Männlich,> 54
478,Blondell Strowlger,65,Weiblich,> 54
482,Mose Delue,58,Männlich,> 54
490,Morley Myrkus,59,Männlich,> 54
495,Leann Stirman,60,Weiblich,> 54
3,Bette Mattocks,22,Weiblich,< 25
7,Andie Palay,30,Männlich,25 - 34
13,Thatcher Heustace,29,Männlich,25 - 34
21,Federico Marflitt,32,Männlich,25 - 34
23,Elroy Hayward,29,Männlich,25 - 34
28,Alain Trudgion,28,Männlich,25 - 34
55,Garret Verma,33,Männlich,25 - 34
60,Nathaniel Graith,33,Männlich,25 - 34
72,Giacobo Iacovozzo,28,Männlich,25 - 34
79,Sidoney Dobrovsky,25,Weiblich,25 - 34
80,Francine Wilbor,28,Weiblich,25 - 34
84,Ricki Fulton,32,Weiblich,25 - 34
95,Hyacinthia Maliffe,33,Weiblich,25 - 34
96,Alejandro Triswell,31,Männlich,25 - 34
100,Shaun Schoolcroft,29,Weiblich,25 - 34
107,Allyn Everal,31,Weiblich,25 - 34
112,Cassandre O'Hagerty,32,Weiblich,25 - 34
116,My Gallardo,34,Männlich,25 - 34
118,Eustace Thwaite,26,Männlich,25 - 34
125,Robinson McAusland,27,Männlich,25 - 34
129,Sigismond Jeannel,24,Männlich,< 25
130,Ulick Gouth,17,Männlich,< 25
154,Dorelle Poleykett,29,Weiblich,25 - 34
158,Mohammed Gebhardt,27,Männlich,25 - 34
165,Jacquelynn Jozwik,33,Weiblich,25 - 34
168,Babbette Wickersham,32,Weiblich,25 - 34
175,Shamus Hansen,33,Männlich,25 - 34
183,Ingeborg Durward,32,Weiblich,25 - 34
186,Carolin Kinloch,33,Weiblich,25 - 34
194,Emmalyn Rivitt,31,Weiblich,25 - 34
199,Kristofer Cosens,29,Männlich,25 - 34
202,Judah Cleaves,29,Männlich,25 - 34
206,Rosella Drees,29,Weiblich,25 - 34
210,Lib Senn,32,Weiblich,25 - 34
216,Oriana Stainton,34,Weiblich,25 - 34
226,Isaiah Seyler,34,Männlich,25 - 34
232,Dosi Pepi,27,Weiblich,25 - 34
234,Ruthann Heart,32,Weiblich,25 - 34
247,Gianina Sutcliff,21,Weiblich,< 25
259,Catina Eake,27,Weiblich,25 - 34
268,Vladimir Karleman,28,Männlich,25 - 34
276,Rochester Sangwine,12,Männlich,< 25
278,Sim Wenman,31,Männlich,25 - 34
279,Andris Gunby,33,Männlich,25 - 34
282,Lannie Grundell,29,Männlich,25 - 34
312,Dalis Waddell,30,Männlich,25 - 34
319,Sigismond Milmore,21,Männlich,< 25
321,Elwira Dwine,33,Weiblich,25 - 34
329,Brit Lanchbery,15,Weiblich,< 25
332,Shaughn Matashkin,32,Männlich,25 - 34
336,Mahmud O'Halleghane,24,Männlich,< 25
346,Kelley McKendo,32,Männlich,25 - 34
354,Ethelbert Tumielli,27,Männlich,25 - 34
361,Cly Mallall,31,Männlich,25 - 34
367,Courtney Haggath,32,Männlich,25 - 34
382,Conchita Grinley,32,Weiblich,25 - 34
388,Andrea Keeney,30,Weiblich,25 - 34
398,Tyrus Bassam,22,Männlich,< 25
417,Harland Norvel,32,Männlich,25 - 34
421,Paulo Zanetti,33,Männlich,25 - 34
425,Lydon Nicklin,33,Männlich,25 - 34
432,Hilly Duckinfield,30,Männlich,25 - 34
438,Spike Lafond,27,Männlich,25 - 34
443,Arie Jeandet,27,Männlich,25 - 34
453,Bellanca Preshous,30,Weiblich,25 - 34
458,Roxana Canfer,15,Weiblich,< 25
461,Amalea Ollerton,31,Weiblich,25 - 34
465,Lane Ternott,26,Weiblich,25 - 34
468,Luther Radenhurst,33,Männlich,25 - 34
